{"companyName":"Bang! LTD","companyNumber":"8209948","regAddress":{"careOf":"","POBox":"","addressLine1":"11 PRINCES SQUARE","addressLine2":"","postTown":"HARROGATE","region":"","country":"ENGLAND","postCode":"HG1 1ND"},"companyCategory":"Private Limited Company","companyStatus":"Active","countryOfOrigin":"United Kingdom","dissolutionDate":"","incorporationDate":"2012-09-11","accounts":{"accountRefDay":30,"accountRefMonth":9,"nextDueDate":"2025-06-30","lastMadeUpDate":"2023-09-30","accountCategory":"DORMANT"},"returns":{"nextDueDate":"2016-10-09","lastMadeUpDate":"2015-09-11"},"mortgages":{"numMortCharges":0,"numMortOutstanding":0,"numMortPartSatisfied":0,"numMortSatisfied":0},"SICCode":["99999 - Dormant Company"],"limitedPartnerships":{"numGenPartners":0,"numLimPartners":0},"uRI":"http://business.data.gov.uk/id/company/08209948","confStmtNextDueDate":"2025-09-25","confStmtLastMadeUpDate":"2024-09-11","people":[],"previousNames":[]}
